,n_estimators,learning_rate,max_depth,subsample,colsample_bytree,colsample_bylevel,colsample_bynode,num_leaves,subsample_freq
XGBoost,500,0.05711210920422512,15,0.7218881106395154,0.9904735280137283,0.748161226336619,0.8589213024697263,,
LightGBM,500,0.06633943259435668,4,0.8953009369333982,0.8851402971489183,,,23.0,10.0
SGBT,500,0.020122431225996263,3,0.908451341941821,,,,,
