,subsample,n_estimators,learning_rate,max_depth,num_leaves,subsample_freq,colsample_bytree,colsample_bylevel,colsample_bynode
LightGBM,0.9897016030191441,500,0.26834532820755863,14,21.0,8.0,0.5921231750720685,,
XGBoost,0.516243683999797,500,0.10653113895449984,7,,,0.6093210349521208,0.542060717911522,0.9819195658132445
SGBT,0.7859472710457585,500,0.036050204010010134,3,,,,,
