,n_estimators,learning_rate,max_depth,subsample,colsample_bytree,colsample_bylevel,colsample_bynode,num_leaves,subsample_freq
XGBoost,500,0.010070578529541324,7,0.9128483876207011,0.9619890300937317,0.5648670963490737,0.5082244173068375,,
LightGBM,500,0.028977859610847798,2,0.6091342315062693,0.8732487448995168,,,26.0,2.0
SGBT,500,0.021498152151573392,6,0.7787791453357809,,,,,
