,n_estimators,learning_rate,max_depth,subsample,colsample_bytree,colsample_bylevel,colsample_bynode,num_leaves,subsample_freq
XGBoost,500,0.026844247528777843,15,0.8005575058716043,0.8540362888980227,0.5102922471479012,0.9849549260809971,,
LightGBM,500,0.09492750424474085,14,0.8958810323853715,0.96049574613517,,,30.0,2.0
SGBT,500,0.03843207338373307,10,0.688956683998895,,,,,
