,n_estimators,learning_rate,max_depth,subsample,colsample_bytree,colsample_bylevel,colsample_bynode,num_leaves,subsample_freq
XGBoost,500,0.010688117895473612,10,0.657128521645637,0.6552076536895247,0.8038048700245986,0.6538479776257484,,
LightGBM,500,0.016418392913036328,5,0.7716930273630174,0.6713308169371683,,,39.0,2.0
SGBT,500,0.037866941704865355,3,0.5375366438134664,,,,,
