,subsample,n_estimators,learning_rate,max_depth,num_leaves,subsample_freq,colsample_bytree,colsample_bylevel,colsample_bynode
LightGBM,0.6895833502594446,500,0.014134284265245428,10,39.0,1.0,0.798888627554367,,
XGBoost,0.5130629549715918,500,0.10503886789405384,9,,,0.8178827281705797,0.5438339512201953,0.9883524215120281
SGBT,0.5168191885934377,500,0.017953571878123437,8,,,,,
