,n_estimators,learning_rate,max_depth,subsample,colsample_bytree,colsample_bylevel,colsample_bynode,num_leaves,subsample_freq
XGBoost,500,0.025747577540724757,10,0.7090156252059685,0.9981576147552829,0.9228763956225943,0.937803500174761,,
LightGBM,500,0.047396011535295435,14,0.8192878568340094,0.9138780177233756,,,23.0,1.0
SGBT,500,0.11880587134523656,6,0.7572145661429818,,,,,
