,subsample,n_estimators,learning_rate,max_depth,num_leaves,subsample_freq,colsample_bytree,colsample_bylevel,colsample_bynode
LightGBM,0.7716930273630174,500,0.016418392913036328,5,39.0,2.0,0.6713308169371683,,
XGBoost,0.6679088845250296,500,0.019212472976738913,15,,,0.9985722315469506,0.9280500283258692,0.8695371344775307
SGBT,0.9678909807557843,500,0.01408457015521832,4,,,,,
