Model,mean_final_mse,std_final_mse,n_runs
SGBT,0.20662189494233604,0.012434106611850996,5
XGBoost,0.2330806851387024,0.0,5
LightGBM,0.2461250516529355,0.0,5
GBT,0.2579824580011783,0.006020814186631555,5
BRATD,0.3140547507663481,0.0031357695180359102,5
Boulevard,0.33126248024102783,0.02714290957069831,5
RF,0.348049825,0.007382052990086001,5
ElasticNet,0.3897594213485718,0.0,5
BRATP,0.6253495285822471,0.7584445392699991,5
