Model,mean_final_mse,std_final_mse,n_runs
XGBoost,0.0170418862253427,0.0,5
GBT,0.017160443577342498,0.0002871142625397234,5
SGBT,0.01720666154962126,0.00014259587159338034,5
LightGBM,0.0174088829058267,0.0,5
RF,0.017793377678620402,8.529786044859317e-05,5
Boulevard,0.01780470504992334,3.1448798236018274e-05,5
BRATP,0.01783630146784648,0.0005528202430354756,5
BRATD,0.018011934881941638,0.00012748820617416458,5
ElasticNet,0.0489359498023986,0.0,5
