Model,mean_final_mse,std_final_mse,n_runs
XGBoost,0.3457988500595093,0.0,5
SGBT,0.3657104375881409,0.006483423104683195,5
Boulevard,0.3692420119371474,0.0012866530006331715,5
RF,0.37175010940716763,0.0016191053026818432,5
BRATD,0.3735864461333317,0.0014917863525171706,5
LightGBM,0.3801640978534584,0.0,5
BRATP,0.38614301098026044,0.017713065613937273,5
GBT,0.39249106086009616,0.0019273064812409977,5
ElasticNet,0.7389206886291504,0.0,5
