Model,mean_final_mse,std_final_mse,n_runs
LightGBM,4.812796313919529,0.0,5
BRATD,4.904617440714662,0.004861106261914741,5
SGBT,4.934256636531147,0.06744994395861326,5
RF,4.937205997363177,0.024245897788514204,5
XGBoost,4.9474663734436035,0.0,5
Boulevard,4.979590568991092,0.01945350428185663,5
GBT,5.077852362782676,0.0013202126801394696,5
BRATP,5.331654668012692,0.39889218873169124,5
ElasticNet,5.531208515167236,0.0,5
