Model,mean_final_mse,std_final_mse,n_runs
LightGBM,7.5376074413223915,0.0,5
GBT,7.692336859318661,0.008605774412614457,5
ElasticNet,7.750666618347168,0.0,5
Boulevard,7.882201000019212,0.10015067156369963,5
SGBT,7.892227599035641,0.19064326490669867,5
XGBoost,7.946315288543701,0.0,5
BRATD,7.980243237393748,0.03158331495452975,5
BRATP,8.019508834053484,0.30439097069023124,5
RF,8.063091472149702,0.0972778391835351,5
