Model,mean_final_mse,std_final_mse,n_runs
GBT,0.00197208062636894,5.6242857640794084e-05,5
SGBT,0.0022008937647639603,6.438375563573043e-05,5
Boulevard,0.00959125580641754,0.00019146668404977093,5
BRATD,0.00975745592239454,0.0004783862078688581,5
RF,0.01031743481675038,0.00020159264830490922,5
BRATP,0.01323718225032256,0.0017884106049532683,5
LightGBM,0.0497736837014951,0.0,5
XGBoost,0.0594982169568538,0.0,5
ElasticNet,1.7123368978500366,0.0,5
