Model,mean_final_mse,std_final_mse,n_runs
GBT,0.20177089018936653,0.011896540668857482,5
SGBT,0.2329632319320778,0.01803173365483344,5
XGBoost,0.23321866989135737,0.0,5
LightGBM,0.2530964641082551,0.0,5
BRATP,0.28175294347398855,0.018958469517528064,5
Boulevard,0.2915775592357531,0.0026824718730094808,5
RF,0.3052483877445192,0.00393705891102963,5
BRATD,0.3080445962122055,0.006464521274021209,5
ElasticNet,2.7219815254211426,0.0,5
