Model,mean_final_mse,std_final_mse,n_runs
BRATP,0.07671222485009294,0.0006004445675199725,5
RF,0.07736971149431691,0.00025001786343521157,5
BRATD,0.07749421977066612,0.00023783497092879952,5
Boulevard,0.07754587893701118,0.00023116663206996336,5
SGBT,0.07766898525987273,0.0001265377739907169,5
LightGBM,0.0781017646158694,0.0,5
GBT,0.0797113703184228,3.9275746309153805e-05,5
XGBoost,0.0815032720565795,0.0,5
ElasticNet,0.1803841739892959,0.0,5
