Model,mean_final_mse,std_final_mse,n_runs
Boulevard,0.047515630696265757,0.00030567428360441553,5
BRATD,0.04751670239603868,0.0003384332102783117,5
LightGBM,0.0475720194046201,0.0,5
RF,0.04838347702633738,0.0007303771877348968,5
GBT,0.04840525019493184,0.0004343942146477841,5
XGBoost,0.0485191121697425,0.0,5
SGBT,0.0497085311832829,0.001587968393897843,5
BRATP,0.051294636047536014,0.002440988358882866,5
ElasticNet,0.1080825254321098,0.0,5
