n,type_I_error,type_II_error
18.0,0.06666666666666667,1.0
27.0,0.03333333333333333,0.9666666666666667
45.0,0.03333333333333333,0.9333333333333333
72.0,0.0,0.6666666666666666
90.0,0.0,0.4666666666666667
180.0,0.0,0.1
